<vector xmlns:android="http://schemas.android.com/apk/res/android"
    xmlns:aapt="http://schemas.android.com/aapt"
    android:width="240dp"
    android:height="240dp"
    android:viewportWidth="240"
    android:viewportHeight="240">
  <path
      android:pathData="M200,120c0,11.17 -2.29,21.81 -6.44,31.47 -1.48,3.47 -3.21,6.82 -5.15,10.02H51.59c-1.94,-3.2 -3.67,-6.55 -5.15,-10.02 -4.15,-9.66 -6.44,-20.3 -6.44,-31.47 0,-44.18 35.82,-80 80,-80s80,35.82 80,80Z">
    <aapt:attr name="android:fillColor">
      <gradient 
          android:startX="120"
          android:startY="40"
          android:endX="120"
          android:endY="161.49"
          android:type="linear">
        <item android:offset="0" android:color="#FF3C9EFF"/>
        <item android:offset="1" android:color="#FF357BFF"/>
      </gradient>
    </aapt:attr>
  </path>
  <path
      android:pathData="M193.56,151.47c-1.48,3.47 -3.21,6.82 -5.15,10.02 -14.03,23.09 -39.42,38.51 -68.41,38.51s-54.38,-15.42 -68.41,-38.51c-1.94,-3.2 -3.67,-6.55 -5.15,-10.02 1.6,-0.85 3.22,-1.67 4.86,-2.46 9.87,-4.76 20.32,-8.51 31.2,-11.16v-5.77h25.36v1.76c4.01,-0.3 8.06,-0.47 12.14,-0.47s8.02,0.16 11.97,0.46v-1.75h25.36v5.73c10.95,2.65 21.45,6.42 31.37,11.2 1.64,0.79 3.26,1.61 4.86,2.46Z">
    <aapt:attr name="android:fillColor">
      <gradient 
          android:startX="55.63"
          android:startY="134.5"
          android:endX="176.9"
          android:endY="185.54"
          android:type="linear">
        <item android:offset="0" android:color="#FF1FEC9B"/>
        <item android:offset="1" android:color="#FF22DE7B"/>
      </gradient>
    </aapt:attr>
  </path>
  <path
      android:pathData="M84.3,129.99L106.06,129.99A4.67,4.67 0,0 1,110.73 134.66L110.73,156.42A4.67,4.67 0,0 1,106.06 161.09L84.3,161.09A4.67,4.67 0,0 1,79.63 156.42L79.63,134.66A4.67,4.67 0,0 1,84.3 129.99z"
      android:strokeLineJoin="round"
      android:strokeWidth="8"
      android:fillColor="#00000000"
      android:strokeColor="#1fc67b"/>
  <path
      android:pathData="M84.3,129.2L106.06,129.2A4.67,4.67 0,0 1,110.73 133.87L110.73,155.63A4.67,4.67 0,0 1,106.06 160.3L84.3,160.3A4.67,4.67 0,0 1,79.63 155.63L79.63,133.87A4.67,4.67 0,0 1,84.3 129.2z"
      android:strokeLineJoin="round"
      android:strokeWidth="8"
      android:fillColor="#00000000"
      android:strokeColor="#fff"/>
  <path
      android:pathData="M95.18,96.89m-16.68,0a16.68,16.68 0,1 1,33.36 0a16.68,16.68 0,1 1,-33.36 0"
      android:strokeWidth="8"
      android:fillColor="#00000000"
      android:strokeColor="#2b71e1"/>
  <path
      android:pathData="M95.18,95.34m-16.68,0a16.68,16.68 0,1 1,33.36 0a16.68,16.68 0,1 1,-33.36 0"
      android:strokeWidth="8"
      android:fillColor="#00000000"
      android:strokeColor="#fff"/>
  <path
      android:pathData="M144.65,145.54m-16.68,0a16.68,16.68 0,1 1,33.36 0a16.68,16.68 0,1 1,-33.36 0"
      android:strokeWidth="8"
      android:fillColor="#00000000"
      android:strokeColor="#1fc67b"/>
  <path
      android:pathData="M144.65,144.81m-16.68,0a16.68,16.68 0,1 1,33.36 0a16.68,16.68 0,1 1,-33.36 0"
      android:strokeWidth="8"
      android:fillColor="#00000000"
      android:strokeColor="#fff"/>
  <path
      android:pathData="M140.01,83.68l-12.08,21.09c-2.04,3.57 0.53,8.01 4.64,8.01h24.16c4.11,0 6.68,-4.44 4.64,-8.01l-12.08,-21.09c-2.05,-3.59 -7.23,-3.59 -9.28,0Z"
      android:strokeWidth="8"
      android:fillColor="#00000000"
      android:strokeColor="#2b71e1"/>
  <path
      android:pathData="M140.01,81.89l-12.08,21.09c-2.04,3.57 0.53,8.01 4.64,8.01h24.16c4.11,0 6.68,-4.44 4.64,-8.01l-12.08,-21.09c-2.05,-3.59 -7.23,-3.59 -9.28,0Z"
      android:strokeLineJoin="round"
      android:strokeWidth="8"
      android:fillColor="#00000000"
      android:strokeColor="#fff"/>
</vector>
